File,Mode,Chunks,Time (s),Outcome
856399094_1872_192_08.txt,parallel,6,85.67,❌ parse failed
856399094_1872_212_04.txt,parallel,6,551.21,❌ failed chunks [2]
856399094_1872_247_07.txt,parallel,6,281.95,✅ success
856399094_1872_284_13.txt,parallel,5,106.04,✅ success
856399094_1872_285_08.txt,parallel,6,108.06,✅ success
856399094_1872_285_10.txt,parallel,6,113.08,✅ success
856399094_1872_286_13.txt,parallel,5,70.99,✅ success
856399094_1872_287_10.txt,parallel,6,112.15,✅ success
856399094_1872_288_10.txt,parallel,6,91.9,✅ success
856399094_1872_288_13.txt,parallel,4,64.59,✅ success
856399094_1872_288_14.txt,parallel,4,46.31,✅ success
856399094_1872_289_09.txt,parallel,6,57.79,✅ success
856399094_1872_289_14.txt,parallel,6,124.4,✅ success
856399094_1872_290_13.txt,parallel,5,75.24,✅ success
856399094_1872_290_14.txt,parallel,5,56.0,✅ success
856399094_1872_292_08.txt,parallel,6,56.41,✅ success
856399094_1872_292_11.txt,parallel,5,53.32,✅ success
856399094_1872_292_14.txt,parallel,4,57.53,✅ success
856399094_1872_293_08.txt,parallel,7,66.33,✅ success
856399094_1872_293_10.txt,parallel,6,94.29,✅ success
856399094_1872_293_11.txt,parallel,5,54.98,✅ success
856399094_1872_294_08.txt,parallel,6,91.53,✅ success
856399094_1872_294_11.txt,parallel,8,26.61,✅ success
856399094_1872_295_14.txt,parallel,5,99.73,✅ success
856399094_1872_295_15.txt,parallel,5,75.66,✅ success
856399094_1872_297_07.txt,parallel,6,129.22,❌ parse failed
856399094_1872_298_09.txt,parallel,6,18.0,✅ success
856399094_1872_298_10.txt,parallel,8,24.56,✅ success
856399094_1872_299_10.txt,parallel,6,79.25,✅ success
856399094_1872_304_15.txt,parallel,5,79.23,✅ success
856399094_1872_304_18.txt,parallel,6,100.27,✅ success
856399094_1872_305_07.txt,parallel,6,23.83,✅ success
856399094_1872_306_02.txt,parallel,7,28.13,✅ success
856399094_1872_306_08.txt,parallel,6,98.42,✅ success
856399094_1872_306_17.txt,parallel,5,80.69,✅ success
856399094_1872_307_08.txt,parallel,5,54.65,✅ success
856399094_1872_307_09.txt,parallel,7,76.11,✅ success
856399094_1874_001_07.txt,parallel,7,61.92,✅ success
856399094_1874_002_11.txt,parallel,5,53.64,✅ success
856399094_1874_089_05.txt,parallel,6,60.76,❌ parse failed
856399094_1874_119_09.txt,parallel,6,107.07,❌ parse failed
856399094_1874_130_12.txt,parallel,6,550.84,❌ failed chunks [5]
856399094_1874_156_05.txt,parallel,6,112.9,❌ parse failed
856399094_1874_168_07.txt,parallel,6,551.01,"❌ failed chunks [1, 2]"
856399094_1874_218_07.txt,parallel,6,550.96,"❌ failed chunks [3, 1, 5, 2]"
856399094_1875_016_09.txt,parallel,6,98.92,✅ success
856399094_1875_016_10.txt,parallel,6,193.12,✅ success
856399094_1875_016_11.txt,parallel,6,186.59,✅ success
856399094_1875_017_07.txt,parallel,6,43.91,✅ success
856399094_1875_017_09.txt,parallel,6,100.06,✅ success
856399094_1875_017_10.txt,parallel,6,121.84,✅ success
856399094_1875_018_12.txt,parallel,6,137.7,✅ success
856399094_1875_018_13.txt,parallel,6,156.27,✅ success
856399094_1875_018_14.txt,parallel,6,119.81,✅ success
856399094_1875_019_01.txt,parallel,5,25.47,✅ success
856399094_1875_019_10.txt,parallel,6,141.15,✅ success
856399094_1875_020_10.txt,parallel,6,69.24,✅ success
856399094_1875_020_11.txt,parallel,5,126.93,✅ success
856399094_1875_021_07.txt,parallel,6,55.18,✅ success
856399094_1875_021_11.txt,parallel,6,145.17,✅ success
856399094_1875_021_12.txt,parallel,6,75.76,✅ success
856399094_1875_022_09.txt,parallel,5,33.89,✅ success
856399094_1875_022_13.txt,parallel,6,266.85,✅ success
856399094_1875_022_14.txt,parallel,6,175.11,✅ success
856399094_1875_023_09.txt,parallel,6,91.14,✅ success
856399094_1875_023_10.txt,parallel,6,102.78,✅ success
856399094_1875_023_14.txt,parallel,6,45.05,✅ success
856399094_1875_024_09.txt,parallel,6,102.28,✅ success
856399094_1875_024_10.txt,parallel,6,123.08,✅ success
856399094_1875_025_11.txt,parallel,6,87.46,✅ success
856399094_1875_025_12.txt,parallel,6,112.73,✅ success
856399094_1875_026_12.txt,parallel,6,129.0,✅ success
856399094_1875_026_13.txt,parallel,6,223.65,✅ success
856399094_1875_026_14.txt,parallel,6,112.0,✅ success
856399094_1875_027_12.txt,parallel,6,113.15,✅ success
856399094_1875_029_08.txt,parallel,3,29.37,✅ success
856399094_1875_029_11.txt,parallel,6,110.89,✅ success
856399094_1875_029_12.txt,parallel,6,97.15,✅ success
856399094_1875_030_06.txt,parallel,6,58.76,✅ success
856399094_1875_030_10.txt,parallel,6,150.86,✅ success
856399094_1875_031_09.txt,parallel,6,115.99,✅ success
856399094_1875_031_10.txt,parallel,6,64.53,✅ success
856399094_1875_032_02.txt,parallel,6,27.29,✅ success
856399094_1875_032_13.txt,parallel,6,145.05,✅ success
856399094_1875_032_14.txt,parallel,6,90.28,✅ success
856399094_1875_033_07.txt,parallel,7,44.73,✅ success
856399094_1875_033_08.txt,parallel,5,50.36,✅ success
856399094_1875_033_10.txt,parallel,6,180.69,✅ success
856399094_1875_033_11.txt,parallel,5,124.72,✅ success
856399094_1875_035_07.txt,parallel,6,71.98,✅ success
856399094_1875_036_06.txt,parallel,5,71.64,✅ success
856399094_1875_036_10.txt,parallel,6,127.39,✅ success
856399094_1875_037_05.txt,parallel,5,61.97,✅ success
856399094_1875_037_09.txt,parallel,6,165.63,✅ success
856399094_1875_037_10.txt,parallel,6,110.48,✅ success
856399094_1875_038_11.txt,parallel,5,88.29,✅ success
856399094_1875_038_12.txt,parallel,6,110.16,✅ success
856399094_1875_039_02.txt,parallel,6,28.29,✅ success
856399094_1875_039_07.txt,parallel,6,74.85,✅ success
856399094_1875_039_09.txt,parallel,5,121.74,✅ success
856399094_1875_039_10.txt,parallel,6,97.85,✅ success
856399094_1875_040_06.txt,parallel,7,70.09,✅ success
856399094_1875_040_09.txt,parallel,6,115.32,✅ success
856399094_1875_040_10.txt,parallel,6,184.0,✅ success
856399094_1875_040_11.txt,parallel,6,157.26,✅ success
856399094_1875_040_12.txt,parallel,7,170.81,✅ success
856399094_1875_041_09.txt,parallel,6,90.87,✅ success
856399094_1875_041_10.txt,parallel,6,166.87,✅ success
856399094_1875_042_10.txt,parallel,6,137.13,✅ success
856399094_1875_043_01.txt,parallel,4,28.98,✅ success
856399094_1875_043_10.txt,parallel,6,77.46,✅ success
856399094_1875_044_07.txt,parallel,6,73.67,✅ success
856399094_1875_044_11.txt,parallel,5,131.71,✅ success
856399094_1875_044_12.txt,parallel,6,100.92,✅ success
856399094_1875_045_07.txt,parallel,6,60.2,✅ success
856399094_1875_045_11.txt,parallel,6,132.2,✅ success
856399094_1875_045_12.txt,parallel,7,53.12,✅ success
856399094_1875_046_07.txt,parallel,6,79.97,✅ success
856399094_1875_046_09.txt,parallel,6,133.86,✅ success
856399094_1875_046_10.txt,parallel,7,146.12,✅ success
856399094_1875_047_01.txt,parallel,4,24.18,✅ success
856399094_1875_047_07.txt,parallel,7,54.5,✅ success
856399094_1875_047_10.txt,parallel,6,145.69,✅ success
856399094_1875_047_11.txt,parallel,6,121.01,✅ success
856399094_1875_047_12.txt,parallel,6,101.76,✅ success
856399094_1875_048_10.txt,parallel,6,114.48,✅ success
856399094_1875_048_14.txt,parallel,6,80.57,✅ success
856399094_1875_049_07.txt,parallel,6,66.22,✅ success
856399094_1875_049_09.txt,parallel,5,128.34,✅ success
856399094_1875_049_10.txt,parallel,6,78.4,✅ success
856399094_1875_050_07.txt,parallel,6,72.81,✅ success
856399094_1875_050_15.txt,parallel,5,142.42,✅ success
856399094_1875_051_05.txt,parallel,6,40.76,✅ success
856399094_1875_051_06.txt,parallel,7,66.37,✅ success
856399094_1875_051_10.txt,parallel,6,121.64,✅ success
856399094_1875_051_11.txt,parallel,6,151.47,✅ success
856399094_1875_051_12.txt,parallel,6,65.52,✅ success
856399094_1875_052_06.txt,parallel,5,74.63,✅ success
856399094_1875_052_10.txt,parallel,7,130.25,✅ success
856399094_1875_053_11.txt,parallel,5,117.94,✅ success
856399094_1875_054_09.txt,parallel,5,63.71,✅ success
856399094_1875_054_14.txt,parallel,7,105.74,✅ success
856399094_1875_054_15.txt,parallel,6,152.46,✅ success
856399094_1875_054_16.txt,parallel,6,87.69,✅ success
856399094_1875_055_11.txt,parallel,5,127.98,✅ success
856399094_1875_055_12.txt,parallel,6,62.47,✅ success
856399094_1875_056_01.txt,parallel,5,48.22,✅ success
856399094_1875_056_10.txt,parallel,6,103.2,✅ success
856399094_1875_057_09.txt,parallel,6,47.82,✅ success
856399094_1875_057_11.txt,parallel,6,81.61,✅ success
856399094_1875_057_12.txt,parallel,6,119.78,✅ success
856399094_1875_057_13.txt,parallel,6,95.62,✅ success
856399094_1875_057_14.txt,parallel,6,58.15,✅ success
856399094_1875_058_11.txt,parallel,6,222.0,✅ success
856399094_1875_058_12.txt,parallel,6,152.37,✅ success
856399094_1875_059_07.txt,parallel,7,52.91,✅ success
856399094_1875_059_10.txt,parallel,6,89.18,✅ success
856399094_1875_060_06.txt,parallel,5,54.68,✅ success
856399094_1875_060_11.txt,parallel,6,144.3,✅ success
856399094_1875_060_12.txt,parallel,6,90.25,✅ success
856399094_1875_061_08.txt,parallel,6,50.93,✅ success
856399094_1875_061_13.txt,parallel,5,37.9,✅ success
856399094_1875_061_15.txt,parallel,6,39.19,✅ success
856399094_1875_061_16.txt,parallel,6,108.06,✅ success
856399094_1875_062_07.txt,parallel,6,55.34,✅ success
856399094_1875_062_18.txt,parallel,6,42.48,✅ success
856399094_1875_063_09.txt,parallel,6,88.92,✅ success
856399094_1875_063_13.txt,parallel,5,115.48,✅ success
856399094_1875_063_15.txt,parallel,5,116.54,✅ success
856399094_1875_063_16.txt,parallel,6,117.13,✅ success
856399094_1875_064_07.txt,parallel,6,76.46,✅ success
856399094_1875_064_12.txt,parallel,6,165.87,✅ success
856399094_1875_064_13.txt,parallel,6,218.44,✅ success
856399094_1875_064_14.txt,parallel,7,178.47,✅ success
856399094_1875_065_05.txt,parallel,8,14.58,✅ success
856399094_1875_065_07.txt,parallel,6,57.38,✅ success
856399094_1875_065_10.txt,parallel,6,126.25,✅ success
856399094_1875_066_09.txt,parallel,5,75.59,✅ success
856399094_1875_066_11.txt,parallel,5,105.08,✅ success
856399094_1875_066_12.txt,parallel,6,81.81,✅ success
856399094_1875_067_07.txt,parallel,6,64.74,✅ success
856399094_1875_067_13.txt,parallel,5,229.71,✅ success
856399094_1875_067_18.txt,parallel,5,75.18,✅ success
856399094_1875_068_09.txt,parallel,5,60.97,✅ success
856399094_1875_068_14.txt,parallel,6,110.21,✅ success
856399094_1875_069_09.txt,parallel,5,104.54,✅ success
856399094_1875_069_10.txt,parallel,6,123.67,✅ success
856399094_1875_070_12.txt,parallel,6,164.45,✅ success
856399094_1875_070_14.txt,parallel,7,157.47,✅ success
856399094_1875_071_09.txt,parallel,6,113.87,✅ success
856399094_1875_071_11.txt,parallel,6,122.35,✅ success
856399094_1875_071_12.txt,parallel,6,116.95,✅ success
856399094_1875_072_13.txt,parallel,5,73.93,✅ success
856399094_1875_072_14.txt,parallel,6,78.6,✅ success
856399094_1875_073_05.txt,parallel,5,39.01,✅ success
856399094_1875_073_14.txt,parallel,6,115.27,✅ success
856399094_1875_073_15.txt,parallel,6,122.93,✅ success
856399094_1875_073_16.txt,parallel,7,54.69,✅ success
856399094_1875_074_12.txt,parallel,7,131.67,✅ success
856399094_1875_075_11.txt,parallel,6,67.14,✅ success
856399094_1875_075_17.txt,parallel,6,174.68,✅ success
856399094_1875_075_18.txt,parallel,6,105.57,✅ success
856399094_1875_076_15.txt,parallel,6,94.79,✅ success
856399094_1875_076_16.txt,parallel,6,73.74,✅ success
856399094_1875_076_20.txt,parallel,6,84.28,✅ success
856399094_1875_077_10.txt,parallel,6,92.17,✅ success
856399094_1875_078_01.txt,parallel,4,33.19,✅ success
856399094_1875_078_15.txt,parallel,6,146.45,✅ success
856399094_1875_078_16.txt,parallel,6,88.85,✅ success
856399094_1875_079_05.txt,parallel,6,54.0,✅ success
856399094_1875_079_11.txt,parallel,7,46.8,✅ success
856399094_1875_080_14.txt,parallel,6,181.5,✅ success
856399094_1875_080_15.txt,parallel,6,551.23,❌ failed chunks [1]
856399094_1875_081_07.txt,parallel,5,96.67,✅ success
856399094_1875_081_08.txt,parallel,6,123.74,✅ success
856399094_1875_082_09.txt,parallel,6,74.29,✅ success
856399094_1875_082_10.txt,parallel,7,83.76,✅ success
856399094_1875_083_01.txt,parallel,5,36.87,✅ success
856399094_1875_083_07.txt,parallel,5,112.01,✅ success
856399094_1875_084_13.txt,parallel,6,150.0,✅ success
856399094_1875_085_05.txt,parallel,5,55.25,✅ success
856399094_1875_085_10.txt,parallel,6,121.25,✅ success
856399094_1875_086_12.txt,parallel,6,177.36,✅ success
856399094_1875_086_13.txt,parallel,6,135.14,✅ success
856399094_1875_086_14.txt,parallel,6,152.99,✅ success
856399094_1875_087_11.txt,parallel,5,96.15,✅ success
856399094_1875_087_12.txt,parallel,6,87.38,✅ success
856399094_1875_088_07.txt,parallel,5,64.04,✅ success
856399094_1875_088_08.txt,parallel,6,138.19,✅ success
856399094_1875_088_16.txt,parallel,6,82.19,✅ success
856399094_1875_089_09.txt,parallel,4,22.98,✅ success
856399094_1875_089_11.txt,parallel,5,72.44,✅ success
856399094_1875_089_12.txt,parallel,6,88.66,✅ success
856399094_1875_089_16.txt,parallel,6,46.93,✅ success
856399094_1875_090_06.txt,parallel,5,51.5,✅ success
856399094_1875_090_10.txt,parallel,6,165.82,✅ success
856399094_1875_090_11.txt,parallel,6,141.78,✅ success
856399094_1875_090_12.txt,parallel,6,79.12,✅ success
856399094_1875_091_08.txt,parallel,5,43.51,✅ success
856399094_1875_091_14.txt,parallel,6,151.4,✅ success
856399094_1875_091_15.txt,parallel,6,135.85,✅ success
856399094_1875_091_16.txt,parallel,6,68.33,✅ success
856399094_1875_091_20.txt,parallel,6,557.37,"❌ failed chunks [4, 6]"
856399094_1875_092_09.txt,parallel,6,69.65,✅ success
856399094_1875_092_11.txt,parallel,5,175.31,✅ success
856399094_1875_092_12.txt,parallel,6,149.25,✅ success
856399094_1875_093_04.txt,parallel,5,68.02,✅ success
856399094_1875_093_11.txt,parallel,5,92.57,✅ success
856399094_1875_093_12.txt,parallel,6,208.77,✅ success
856399094_1875_093_13.txt,parallel,6,145.26,✅ success
856399094_1875_093_14.txt,parallel,6,79.83,✅ success
856399094_1875_093_18.txt,parallel,6,46.32,✅ success
856399094_1875_094_05.txt,parallel,5,50.15,✅ success
856399094_1875_094_10.txt,parallel,6,114.39,✅ success
856399094_1875_094_14.txt,parallel,6,62.81,✅ success
856399094_1875_095_09.txt,parallel,5,54.38,❌ parse failed
856399094_1875_095_11.txt,parallel,5,64.55,✅ success
856399094_1875_095_13.txt,parallel,6,119.98,✅ success
856399094_1875_096_06.txt,parallel,6,61.91,✅ success
856399094_1875_096_10.txt,parallel,6,141.13,✅ success
856399094_1875_096_11.txt,parallel,6,146.66,✅ success
856399094_1875_096_12.txt,parallel,7,69.11,✅ success
856399094_1875_096_16.txt,parallel,6,62.72,✅ success
856399094_1875_097_11.txt,parallel,5,74.84,✅ success
856399094_1875_097_12.txt,parallel,6,198.83,✅ success
856399094_1875_097_14.txt,parallel,6,169.43,✅ success
856399094_1875_097_18.txt,parallel,5,47.54,✅ success
856399094_1875_098_09.txt,parallel,6,67.67,✅ success
856399094_1875_098_14.txt,parallel,6,103.91,✅ success
856399094_1875_099_01.txt,parallel,4,33.91,✅ success
856399094_1875_099_08.txt,parallel,6,228.77,✅ success
856399094_1875_099_09.txt,parallel,6,144.65,✅ success
856399094_1875_099_10.txt,parallel,6,130.45,✅ success
856399094_1875_099_14.txt,parallel,6,83.45,✅ success
856399094_1875_100_05.txt,parallel,6,60.81,✅ success
856399094_1875_100_11.txt,parallel,5,101.36,✅ success
856399094_1875_101_11.txt,parallel,5,120.84,✅ success
856399094_1875_101_12.txt,parallel,6,80.4,✅ success
856399094_1875_102_12.txt,parallel,6,138.74,✅ success
856399094_1875_102_13.txt,parallel,6,153.74,✅ success
856399094_1875_102_14.txt,parallel,6,96.46,✅ success
856399094_1875_103_05.txt,parallel,5,83.32,✅ success
856399094_1875_103_06.txt,parallel,4,36.45,✅ success
856399094_1875_103_12.txt,parallel,6,141.51,✅ success
856399094_1875_104_09.txt,parallel,5,89.32,✅ success
856399094_1875_104_10.txt,parallel,6,135.31,✅ success
856399094_1875_104_11.txt,parallel,5,146.87,✅ success
856399094_1875_104_12.txt,parallel,5,94.71,✅ success
856399094_1875_104_16.txt,parallel,6,85.02,✅ success
856399094_1875_105_06.txt,parallel,5,41.68,✅ success
856399094_1875_105_11.txt,parallel,6,74.25,✅ success
856399094_1875_105_12.txt,parallel,6,110.45,✅ success
856399094_1875_105_13.txt,parallel,5,144.58,✅ success
856399094_1875_105_14.txt,parallel,7,70.9,✅ success
856399094_1875_105_18.txt,parallel,5,48.79,✅ success
856399094_1875_106_01.txt,parallel,4,22.27,✅ success
856399094_1875_106_07.txt,parallel,6,67.58,✅ success
856399094_1875_106_12.txt,parallel,5,46.18,✅ success
856399094_1875_107_09.txt,parallel,5,57.56,✅ success
856399094_1875_107_11.txt,parallel,5,80.56,✅ success
856399094_1875_107_13.txt,parallel,5,120.26,✅ success
856399094_1875_107_14.txt,parallel,6,62.31,✅ success
856399094_1875_107_18.txt,parallel,6,64.55,✅ success
856399094_1875_108_05.txt,parallel,7,14.24,✅ success
856399094_1875_108_10.txt,parallel,4,32.75,✅ success
856399094_1875_108_17.txt,parallel,5,142.56,✅ success
856399094_1875_108_18.txt,parallel,6,114.66,✅ success
856399094_1875_108_22.txt,parallel,4,50.97,✅ success
856399094_1875_109_03.txt,parallel,4,45.08,✅ success
856399094_1875_109_11.txt,parallel,5,90.17,✅ success
856399094_1875_109_12.txt,parallel,6,98.9,✅ success
856399094_1875_110_05.txt,parallel,5,48.39,✅ success
856399094_1875_110_08.txt,parallel,5,149.57,✅ success
856399094_1875_110_10.txt,parallel,5,81.86,✅ success
856399094_1875_111_10.txt,parallel,6,144.34,✅ success
856399094_1875_111_11.txt,parallel,6,113.11,✅ success
856399094_1875_111_12.txt,parallel,7,68.05,✅ success
856399094_1875_112_06.txt,parallel,7,60.74,✅ success
856399094_1875_112_12.txt,parallel,6,132.46,✅ success
856399094_1875_112_13.txt,parallel,5,142.08,✅ success
856399094_1875_113_06.txt,parallel,6,57.81,✅ success
856399094_1875_113_10.txt,parallel,6,148.96,✅ success
856399094_1875_113_12.txt,parallel,5,139.7,✅ success
856399094_1875_114_05.txt,parallel,4,28.71,✅ success
856399094_1875_114_09.txt,parallel,6,88.81,✅ success
856399094_1875_114_10.txt,parallel,6,188.94,✅ success
856399094_1875_114_11.txt,parallel,5,132.63,✅ success
856399094_1875_115_09.txt,parallel,6,104.11,✅ success
856399094_1875_116_08.txt,parallel,5,131.42,✅ success
856399094_1875_117_02.txt,parallel,6,24.22,✅ success
856399094_1875_117_09.txt,parallel,5,103.9,✅ success
856399094_1875_117_12.txt,parallel,6,123.22,✅ success
856399094_1875_117_13.txt,parallel,5,126.05,✅ success
856399094_1875_118_07.txt,parallel,6,63.61,✅ success
856399094_1875_118_09.txt,parallel,6,59.91,✅ success
856399094_1875_118_11.txt,parallel,5,121.4,✅ success
856399094_1875_118_12.txt,parallel,5,76.13,✅ success
856399094_1875_119_10.txt,parallel,6,38.29,✅ success
856399094_1875_119_13.txt,parallel,5,152.35,✅ success
856399094_1875_119_15.txt,parallel,5,132.87,✅ success
856399094_1875_119_16.txt,parallel,6,160.95,✅ success
856399094_1875_119_17.txt,parallel,6,116.01,✅ success
856399094_1875_120_12.txt,parallel,6,112.47,✅ success
856399094_1875_120_13.txt,parallel,4,74.04,✅ success
856399094_1875_121_05.txt,parallel,6,50.99,✅ success
856399094_1875_121_08.txt,parallel,6,126.56,✅ success
856399094_1875_121_09.txt,parallel,4,72.88,✅ success
856399094_1875_122_07.txt,parallel,5,103.86,✅ success
856399094_1875_122_08.txt,parallel,6,115.05,✅ success
856399094_1875_123_05.txt,parallel,6,66.22,✅ success
856399094_1875_123_09.txt,parallel,5,98.37,✅ success
856399094_1875_123_10.txt,parallel,6,143.95,✅ success
856399094_1875_123_11.txt,parallel,5,59.57,✅ success
856399094_1875_123_12.txt,parallel,6,57.04,✅ success
856399094_1875_124_06.txt,parallel,7,39.39,✅ success
856399094_1875_124_11.txt,parallel,5,111.51,✅ success
856399094_1875_124_12.txt,parallel,6,86.37,✅ success
856399094_1875_125_11.txt,parallel,5,97.95,✅ success
856399094_1875_125_12.txt,parallel,6,163.4,✅ success
856399094_1875_125_14.txt,parallel,5,138.6,✅ success
856399094_1875_125_18.txt,parallel,6,78.46,✅ success
856399094_1875_126_08.txt,parallel,5,48.79,✅ success
856399094_1875_126_09.txt,parallel,5,52.51,✅ success
856399094_1875_126_11.txt,parallel,6,79.86,✅ success
856399094_1875_126_12.txt,parallel,6,146.47,✅ success
856399094_1875_126_13.txt,parallel,6,103.6,✅ success
856399094_1875_127_09.txt,parallel,4,40.0,✅ success
856399094_1875_127_11.txt,parallel,5,91.16,✅ success
856399094_1875_127_12.txt,parallel,6,75.69,✅ success
856399094_1875_127_16.txt,parallel,5,50.57,✅ success
856399094_1875_128_01.txt,parallel,5,27.25,✅ success
856399094_1875_128_06.txt,parallel,7,51.98,✅ success
856399094_1875_128_10.txt,parallel,6,141.08,✅ success
856399094_1875_128_11.txt,parallel,5,118.11,✅ success
856399094_1875_128_12.txt,parallel,6,84.15,✅ success
856399094_1875_129_11.txt,parallel,5,118.52,✅ success
856399094_1875_130_09.txt,parallel,6,84.89,✅ success
856399094_1875_130_10.txt,parallel,6,100.64,✅ success
856399094_1875_131_11.txt,parallel,6,118.77,✅ success
856399094_1875_132_02.txt,parallel,6,24.51,✅ success
856399094_1875_132_09.txt,parallel,6,54.32,✅ success
856399094_1875_132_11.txt,parallel,6,91.35,✅ success
856399094_1875_132_12.txt,parallel,6,138.48,✅ success
856399094_1875_132_13.txt,parallel,6,78.52,✅ success
856399094_1875_133_01.txt,parallel,4,16.35,✅ success
856399094_1875_133_06.txt,parallel,6,53.1,✅ success
856399094_1875_133_09.txt,parallel,6,94.25,✅ success
856399094_1875_133_10.txt,parallel,6,154.99,✅ success
856399094_1875_133_11.txt,parallel,5,101.86,✅ success
856399094_1875_134_01.txt,parallel,4,89.6,✅ success
856399094_1875_134_11.txt,parallel,5,109.22,✅ success
856399094_1875_134_12.txt,parallel,6,94.63,✅ success
856399094_1875_135_14.txt,parallel,6,138.91,✅ success
856399094_1875_135_15.txt,parallel,5,122.53,✅ success
856399094_1875_135_16.txt,parallel,6,76.47,✅ success
856399094_1875_135_20.txt,parallel,6,64.02,✅ success
856399094_1875_136_07.txt,parallel,6,51.5,✅ success
856399094_1875_136_11.txt,parallel,6,88.7,✅ success
856399094_1875_136_12.txt,parallel,6,138.93,✅ success
856399094_1875_136_13.txt,parallel,6,113.28,✅ success
856399094_1875_136_14.txt,parallel,7,60.49,✅ success
856399094_1875_137_05.txt,parallel,6,56.53,✅ success
856399094_1875_138_09.txt,parallel,5,124.23,✅ success
856399094_1875_138_10.txt,parallel,6,152.2,✅ success
856399094_1875_139_11.txt,parallel,5,132.89,✅ success
856399094_1875_140_05.txt,parallel,5,114.23,✅ success
856399094_1875_140_07.txt,parallel,5,115.79,✅ success
856399094_1875_140_08.txt,parallel,5,85.14,✅ success
856399094_1875_142_01.txt,parallel,5,23.72,✅ success
856399094_1875_143_08.txt,parallel,4,29.29,✅ success
856399094_1875_143_11.txt,parallel,6,104.87,"❌ failed chunks [2, 4, 1, 6, 3]"
856399094_1875_143_12.txt,parallel,6,104.39,✅ success
856399094_1875_144_10.txt,parallel,6,149.98,✅ success
856399094_1875_144_12.txt,parallel,4,94.76,✅ success
856399094_1875_145_10.txt,parallel,6,95.5,✅ success
856399094_1875_145_11.txt,parallel,5,92.23,✅ success
856399094_1875_145_12.txt,parallel,6,75.08,✅ success
856399094_1875_146_13.txt,parallel,5,73.06,✅ success
856399094_1875_146_14.txt,parallel,6,71.04,✅ success
856399094_1875_148_12.txt,parallel,6,117.25,✅ success
856399094_1875_148_13.txt,parallel,6,186.63,✅ success
856399094_1875_148_14.txt,parallel,6,110.0,✅ success
856399094_1875_148_20.txt,parallel,3,7.71,✅ success
856399094_1875_149_07.txt,parallel,6,60.7,✅ success
856399094_1875_149_11.txt,parallel,6,74.09,✅ success
856399094_1875_149_12.txt,parallel,6,92.74,✅ success
856399094_1875_150_10.txt,parallel,6,170.31,✅ success
856399094_1875_150_11.txt,parallel,5,110.25,✅ success
856399094_1875_150_12.txt,parallel,6,114.06,✅ success
856399094_1875_151_06.txt,parallel,6,43.17,✅ success
856399094_1875_151_12.txt,parallel,6,88.74,✅ success
856399094_1875_151_16.txt,parallel,6,47.51,✅ success
856399094_1875_152_12.txt,parallel,6,135.97,✅ success
856399094_1875_152_13.txt,parallel,6,70.79,✅ success
856399094_1875_153_12.txt,parallel,6,115.59,✅ success
856399094_1875_154_07.txt,parallel,5,69.55,✅ success
856399094_1875_154_09.txt,parallel,5,64.46,✅ success
856399094_1875_154_12.txt,parallel,5,95.28,✅ success
856399094_1875_154_20.txt,parallel,3,9.94,✅ success
856399094_1875_155_06.txt,parallel,6,48.61,✅ success
856399094_1875_155_10.txt,parallel,6,123.05,✅ success
856399094_1875_155_11.txt,parallel,5,143.08,✅ success
856399094_1875_155_12.txt,parallel,6,73.67,✅ success
856399094_1875_156_08.txt,parallel,6,131.01,✅ success
856399094_1875_156_09.txt,parallel,5,141.88,✅ success
856399094_1875_156_10.txt,parallel,5,122.65,✅ success
856399094_1875_156_14.txt,parallel,4,95.19,✅ success
856399094_1875_157_06.txt,parallel,6,35.17,✅ success
856399094_1875_157_07.txt,parallel,6,61.64,✅ success
856399094_1875_157_09.txt,parallel,6,75.36,✅ success
856399094_1875_157_10.txt,parallel,6,142.75,✅ success
856399094_1875_157_11.txt,parallel,5,133.61,✅ success
856399094_1875_157_12.txt,parallel,6,67.03,✅ success
856399094_1875_158_06.txt,parallel,6,98.9,✅ success
856399094_1875_159_01.txt,parallel,4,18.31,✅ success
856399094_1875_159_09.txt,parallel,5,103.0,✅ success
856399094_1875_159_10.txt,parallel,6,128.77,✅ success
856399094_1875_159_12.txt,parallel,5,63.68,✅ success
856399094_1875_160_10.txt,parallel,6,134.72,✅ success
856399094_1875_160_11.txt,parallel,5,69.93,✅ success
856399094_1875_160_12.txt,parallel,6,100.04,✅ success
856399094_1875_161_08.txt,parallel,6,160.96,✅ success
856399094_1875_161_09.txt,parallel,6,145.68,✅ success
856399094_1875_162_07.txt,parallel,3,44.22,✅ success
856399094_1875_162_10.txt,parallel,6,155.64,✅ success
856399094_1875_162_11.txt,parallel,6,201.79,✅ success
856399094_1875_163_05.txt,parallel,5,91.72,✅ success
856399094_1875_163_06.txt,parallel,6,80.69,✅ success
856399094_1875_164_05.txt,parallel,5,43.25,✅ success
856399094_1875_164_10.txt,parallel,6,127.68,✅ success
856399094_1875_164_16.txt,parallel,5,55.87,✅ success
856399094_1875_165_01.txt,parallel,4,28.68,✅ success
856399094_1875_165_12.txt,parallel,6,57.94,✅ success
856399094_1875_166_05.txt,parallel,7,42.36,✅ success
856399094_1875_166_06.txt,parallel,6,65.97,✅ success
856399094_1875_166_10.txt,parallel,6,138.64,✅ success
856399094_1875_166_11.txt,parallel,6,140.55,✅ success
856399094_1875_166_19.txt,parallel,3,8.31,✅ success
856399094_1875_167_05.txt,parallel,5,21.78,✅ success
856399094_1875_167_08.txt,parallel,6,118.9,✅ success
856399094_1875_167_09.txt,parallel,6,176.28,✅ success
856399094_1875_167_10.txt,parallel,6,90.59,✅ success
856399094_1875_168_10.txt,parallel,6,114.32,✅ success
856399094_1875_170_06.txt,parallel,6,61.87,✅ success
856399094_1875_170_08.txt,parallel,6,143.05,✅ success
856399094_1875_170_09.txt,parallel,6,77.92,✅ success
856399094_1875_171_02.txt,parallel,6,28.75,✅ success
856399094_1875_171_09.txt,parallel,5,93.19,✅ success
856399094_1875_172_07.txt,parallel,6,67.03,✅ success
856399094_1875_172_08.txt,parallel,6,132.96,✅ success
856399094_1875_172_09.txt,parallel,5,116.92,✅ success
856399094_1875_172_10.txt,parallel,6,69.41,✅ success
856399094_1875_173_06.txt,parallel,6,71.18,✅ success
856399094_1875_173_10.txt,parallel,6,117.82,✅ success
856399094_1875_173_11.txt,parallel,6,129.83,✅ success
856399094_1875_173_12.txt,parallel,6,76.99,✅ success
856399094_1875_174_05.txt,parallel,6,45.61,✅ success
856399094_1875_175_09.txt,parallel,6,84.22,✅ success
856399094_1875_175_10.txt,parallel,6,113.04,✅ success
856399094_1875_175_14.txt,parallel,6,61.45,✅ success
856399094_1875_176_07.txt,parallel,6,75.86,✅ success
856399094_1875_176_10.txt,parallel,5,137.71,✅ success
856399094_1875_177_01.txt,parallel,4,17.38,✅ success
856399094_1875_177_07.txt,parallel,6,88.96,✅ success
856399094_1875_177_08.txt,parallel,5,97.87,✅ success
856399094_1875_177_12.txt,parallel,6,55.49,✅ success
856399094_1875_178_10.txt,parallel,6,95.19,✅ success
856399094_1875_178_11.txt,parallel,5,129.6,✅ success
856399094_1875_178_16.txt,parallel,6,63.96,✅ success
856399094_1875_179_09.txt,parallel,5,104.73,✅ success
856399094_1875_179_10.txt,parallel,6,76.46,✅ success
856399094_1875_180_07.txt,parallel,6,93.04,✅ success
856399094_1875_180_09.txt,parallel,6,80.58,✅ success
856399094_1875_181_05.txt,parallel,6,42.48,✅ success
856399094_1875_181_07.txt,parallel,5,100.66,✅ success
856399094_1875_181_08.txt,parallel,5,73.51,✅ success
856399094_1875_181_12.txt,parallel,5,49.66,✅ success
856399094_1875_182_04.txt,parallel,6,102.48,✅ success
856399094_1875_183_08.txt,parallel,6,149.61,✅ success
856399094_1875_184_05.txt,parallel,5,64.97,✅ success
856399094_1875_184_08.txt,parallel,5,139.65,✅ success
856399094_1875_185_06.txt,parallel,6,84.86,✅ success
856399094_1875_185_07.txt,parallel,6,116.7,✅ success
856399094_1875_185_08.txt,parallel,6,48.49,✅ success
856399094_1875_186_07.txt,parallel,5,127.21,✅ success
856399094_1875_186_12.txt,parallel,5,43.8,✅ success
856399094_1875_187_11.txt,parallel,6,178.15,✅ success
856399094_1875_187_12.txt,parallel,6,104.41,✅ success
856399094_1875_187_16.txt,parallel,6,46.8,✅ success
856399094_1875_188_07.txt,parallel,5,105.98,✅ success
856399094_1875_188_08.txt,parallel,6,76.46,✅ success
856399094_1875_189_06.txt,parallel,6,147.45,✅ success
856399094_1875_190_01.txt,parallel,5,40.65,✅ success
856399094_1875_190_09.txt,parallel,5,68.09,✅ success
856399094_1875_190_10.txt,parallel,6,109.73,✅ success
856399094_1875_191_07.txt,parallel,6,87.03,✅ success
856399094_1875_191_09.txt,parallel,5,102.94,✅ success
856399094_1875_191_10.txt,parallel,6,115.02,✅ success
856399094_1875_192_09.txt,parallel,5,236.93,✅ success
856399094_1875_192_10.txt,parallel,5,152.68,✅ success
856399094_1875_193_08.txt,parallel,6,122.17,✅ success
856399094_1875_194_12.txt,parallel,6,56.8,✅ success
856399094_1875_195_05.txt,parallel,6,40.45,✅ success
856399094_1875_196_05.txt,parallel,5,66.04,✅ success
856399094_1875_196_08.txt,parallel,7,69.48,✅ success
856399094_1875_197_05.txt,parallel,6,43.65,✅ success
856399094_1875_197_08.txt,parallel,6,135.62,✅ success
856399094_1875_197_09.txt,parallel,6,137.95,✅ success
856399094_1875_197_10.txt,parallel,5,96.26,✅ success
856399094_1875_197_14.txt,parallel,6,38.78,✅ success
856399094_1875_198_05.txt,parallel,6,75.89,✅ success
856399094_1875_198_08.txt,parallel,5,100.81,✅ success
856399094_1875_199_07.txt,parallel,5,90.96,✅ success
856399094_1875_200_07.txt,parallel,5,81.64,✅ success
856399094_1875_201_10.txt,parallel,5,109.8,✅ success
856399094_1875_203_05.txt,parallel,7,52.28,✅ success
856399094_1875_203_09.txt,parallel,6,100.0,✅ success
856399094_1875_204_07.txt,parallel,5,102.32,✅ success
856399094_1875_204_08.txt,parallel,5,156.58,✅ success
856399094_1875_205_05.txt,parallel,7,42.04,✅ success
856399094_1875_205_06.txt,parallel,7,76.15,✅ success
856399094_1875_206_06.txt,parallel,6,81.3,✅ success
856399094_1875_206_10.txt,parallel,6,97.31,✅ success
856399094_1875_206_11.txt,parallel,6,144.6,✅ success
856399094_1875_206_12.txt,parallel,5,54.36,✅ success
856399094_1875_207_16.txt,parallel,6,59.21,✅ success
856399094_1875_208_03.txt,parallel,6,25.81,✅ success
856399094_1875_208_07.txt,parallel,6,107.36,✅ success
856399094_1875_208_08.txt,parallel,6,164.97,✅ success
856399094_1875_208_09.txt,parallel,6,146.97,✅ success

Total runtime (s):,58360.08
